Track name,Artist name,Album,Playlist name,Type,ISRC
"Polo & Pan - Ani Kuni","","","Liked videos","Favorite",""
"Bassvictim · Henry Clateman · Maria Manow · Henry Clateman · Mathias Humlen - 27a Pitfield St","","","Liked videos","Favorite",""
"Scratch Massive - Sunken","","","Liked videos","Favorite",""
"Scratch Massive - Numero 6","","","Liked videos","Favorite",""
"Paul Kalkbrenner - Feed Your Head","","","Liked videos","Favorite",""
"Paul Kalkbrenner · Stromae - QUE CE SOIT CLAIR","","","Liked videos","Favorite",""
"POLO & PAN — Ani Kuni","","","Liked videos","Favorite",""
"bob hund - Det skulle vara lätt för mig att säga att jag inte…","","","Liked videos","Favorite",""
"bob hund · Silja Sol - Hjärtskärande rätt","","","Liked videos","Favorite",""
"bob hund - Min trampolin","","","Liked videos","Favorite",""
"bob hund - Blommor på brinnande fartyg","","","Liked videos","Favorite",""
"bob hund - Det överexponerade gömstället","","","Liked videos","Favorite",""
"bob hund - Den lilla planeten","","","Liked videos","Favorite",""
"bob hund - Det skulle vara lätt för mig att säga att jag inte… (Vinylljud 2019)","","","Liked videos","Favorite",""
"bob hund - Hjärtskärande rätt","","","Liked videos","Favorite",""
"Human Tetris - Things I Don't Need","","","Liked videos","Favorite",""
"Hannes ft. waterbaby - Stockholmsvy (Official Music Video)","","","Liked videos","Favorite",""
"Fevr - Heart Attack","","","Liked videos","Favorite",""
"Fevr - Found My Own Way","","","Liked videos","Favorite",""
"Nouvelle Vague - Mala Vida","","","Liked videos","Favorite",""
"Nouvelle Vague - Making Plans for Nigel","","","Liked videos","Favorite",""
"Annael · Adèle Castillon - Nous","","","Liked videos","Favorite",""
"Motorama - Alps","","","Liked videos","Favorite",""
"Still Corners - The Message","","","Liked videos","Favorite",""
"French 79 · Olivia Merilahti · Prudence - You Always Say","","","Liked videos","Favorite",""
"French 79 - Hometown","","","Liked videos","Favorite",""
"bob hund · bob hund - Det överexponerade gömstället","","","Liked videos","Favorite",""
"Andrea Laszlo De Simone - Conchiglie","","","Liked videos","Favorite",""
"Requin Chagrin - Sémaphore","","","Liked videos","Favorite",""
"Amadou & Mariam  - Sabali","","","Liked videos","Favorite",""
"La Femme · Marlon Magnée · Saxa Goth - Elle ne t'aime pas","","","Liked videos","Favorite",""
"La Femme - Sacatela","","","Liked videos","Favorite",""
"La Femme - Contaminado","","","Liked videos","Favorite",""
"La Femme - Où va le monde","","","Liked videos","Favorite",""
"La Femme - Y tu te vas","","","Liked videos","Favorite",""
"The Avener · Kadebostany - Castle In The Snow","","","Liked videos","Favorite",""
"Extra Cheese: The Rap","","","Liked videos","Favorite",""
"One Direction - Kiss You (Audio)","","","Liked videos","Favorite",""
"Ultras","","","Liked videos","Favorite",""
"Bulletproof","","","Liked videos","Favorite",""
"Ariana Grande - thank u, next (Music Video)","","","Liked videos","Favorite",""
"Avicii - Waiting For Love","","","Liked videos","Favorite",""
"TINI - Great Escape (Official Video)","","","Liked videos","Favorite",""
"Marshmello - Alone (Official Music Video)","","","Liked videos","Favorite",""
"Lust For Youth - Ultras","","","Liked videos","Favorite",""
"Lindsey Stirling & Pentatonix - Radioactive (Imagine Dragons Cover)","","","Liked videos","Favorite",""
"Lindsey Stirling - Song of the Caged Bird (Official Music Video)","","","Liked videos","Favorite",""
"Taylor Swift - Blank Space","","","Liked videos","Favorite",""
"Lindsey Stirling - Lord of the Rings Medley (Official Music Video)","","","Liked videos","Favorite",""
"Lindsey Stirling - Master of Tides (Official Music Video)","","","Liked videos","Favorite",""
"Space Invader","The National","Space Invader","Favorite Albums","Album",""
"QUE CE SOIT CLAIR","Paul Kalkbrenner","QUE CE SOIT CLAIR","Favorite Albums","Album",""
"Wes Roth","","","My Subscriptions (Artists)","Artist",""
"IBM Technology","","","My Subscriptions (Artists)","Artist",""
"Matthew Berman","","","My Subscriptions (Artists)","Artist",""
"Dr Brad Stanfield","","","My Subscriptions (Artists)","Artist",""
"Paul J Lipsky","","","My Subscriptions (Artists)","Artist",""
"Institute of Human Anatomy","","","My Subscriptions (Artists)","Artist",""
"TheAIGRID","","","My Subscriptions (Artists)","Artist",""
"Nicklas Rossner","","","My Subscriptions (Artists)","Artist",""
"ColdFusion","","","My Subscriptions (Artists)","Artist",""
"Avanza","","","My Subscriptions (Artists)","Artist",""
"AI Explained","","","My Subscriptions (Artists)","Artist",""
"Gauthier Dm - Science","","","My Subscriptions (Artists)","Artist",""
"Business Insider","","","My Subscriptions (Artists)","Artist",""
"Sabine Hossenfelder","","","My Subscriptions (Artists)","Artist",""
"AI Engineer","","","My Subscriptions (Artists)","Artist",""
"CNN","","","My Subscriptions (Artists)","Artist",""
"BBC News","","","My Subscriptions (Artists)","Artist",""
"Two Minute Papers","","","My Subscriptions (Artists)","Artist",""
"No Priors: AI, Machine Learning, Tech, & Startups","","","My Subscriptions (Artists)","Artist",""
"Casual Navigation","","","My Subscriptions (Artists)","Artist",""
"Sky News","","","My Subscriptions (Artists)","Artist",""
"Veritasium","","","My Subscriptions (Artists)","Artist",""
"The Economist","","","My Subscriptions (Artists)","Artist",""
"Matt Wolfe","","","My Subscriptions (Artists)","Artist",""
"OpenAI","","","My Subscriptions (Artists)","Artist",""
"les tutos de la croisière","","","My Subscriptions (Artists)","Artist",""
"Epic Navigator","","","My Subscriptions (Artists)","Artist",""
"Computerphile","","","My Subscriptions (Artists)","Artist",""
"National Geographic","","","My Subscriptions (Artists)","Artist",""
"The Wall Street Journal","","","My Subscriptions (Artists)","Artist",""
"DW Deutsch","","","My Subscriptions (Artists)","Artist",""
"Cursor","","","My Subscriptions (Artists)","Artist",""
"The Royal Institution","","","My Subscriptions (Artists)","Artist",""
"DroneBot Workshop","","","My Subscriptions (Artists)","Artist",""
"Wendover Productions","","","My Subscriptions (Artists)","Artist",""
"Freudian Slip Productions","","","My Subscriptions (Artists)","Artist",""
"FRANCE 24","","","My Subscriptions (Artists)","Artist",""
"Thomas Fordham Brewer MD MPH","","","My Subscriptions (Artists)","Artist",""
"History Matters","","","My Subscriptions (Artists)","Artist",""
"Photonics Media","","","My Subscriptions (Artists)","Artist",""
"Brain Station Advanced","","","My Subscriptions (Artists)","Artist",""
"OverSimplified","","","My Subscriptions (Artists)","Artist",""
"Mauri","","","My Subscriptions (Artists)","Artist",""
"Practical Sailor","","","My Subscriptions (Artists)","Artist",""
"NBC News","","","My Subscriptions (Artists)","Artist",""
"Animagraffs","","","My Subscriptions (Artists)","Artist",""
"Mentour Pilot","","","My Subscriptions (Artists)","Artist",""
"Curiosity Stream","","","My Subscriptions (Artists)","Artist",""
"Creo Parametric","","","My Subscriptions (Artists)","Artist",""
"Joseph Everett - WIL","","","My Subscriptions (Artists)","Artist",""
"GothamChess","","","My Subscriptions (Artists)","Artist",""
"GZERO Media","","","My Subscriptions (Artists)","Artist",""
"Vox","","","My Subscriptions (Artists)","Artist",""
"MarlowRopes","","","My Subscriptions (Artists)","Artist",""
"New Scientist","","","My Subscriptions (Artists)","Artist",""
"Nils Berglund","","","My Subscriptions (Artists)","Artist",""
"Chinese Trump(RyanChen瑞哥英语)","","","My Subscriptions (Artists)","Artist",""
"DW Español","","","My Subscriptions (Artists)","Artist",""
"Peak Prosperity","","","My Subscriptions (Artists)","Artist",""
"El Robot de Platón","","","My Subscriptions (Artists)","Artist",""
"RTVE Noticias","","","My Subscriptions (Artists)","Artist",""
"Wonder","","","My Subscriptions (Artists)","Artist",""
"David Bombal","","","My Subscriptions (Artists)","Artist",""
"DW Documental","","","My Subscriptions (Artists)","Artist",""
"Science Channel","","","My Subscriptions (Artists)","Artist",""
"Steve Mould","","","My Subscriptions (Artists)","Artist",""
"All About AI","","","My Subscriptions (Artists)","Artist",""
"45 Degrees Sailing","","","My Subscriptions (Artists)","Artist",""
"Nautic 🏄 Markt TV","","","My Subscriptions (Artists)","Artist",""
"Ludo Salenne","","","My Subscriptions (Artists)","Artist",""
"Nuria's Lab","","","My Subscriptions (Artists)","Artist",""
"FlightInsight","","","My Subscriptions (Artists)","Artist",""
"Real Stories","","","My Subscriptions (Artists)","Artist",""
"Inteligencia Artificial","","","My Subscriptions (Artists)","Artist",""
"Hola Spanish","","","My Subscriptions (Artists)","Artist",""
"Alux.com","","","My Subscriptions (Artists)","Artist",""
"Psycore","","","My Subscriptions (Artists)","Artist",""
"Know Art","","","My Subscriptions (Artists)","Artist",""
"Seth Capehart MD","","","My Subscriptions (Artists)","Artist",""
"Owen Jones","","","My Subscriptions (Artists)","Artist",""
"Erik Aanderaa","","","My Subscriptions (Artists)","Artist",""
"Skipper HOTLINE Assistance - Sailing Croatia","","","My Subscriptions (Artists)","Artist",""
"Aktiespararna","","","My Subscriptions (Artists)","Artist",""
"QuantumFracture","","","My Subscriptions (Artists)","Artist",""
"IA Innova","","","My Subscriptions (Artists)","Artist",""
"Introkungarna","","","My Subscriptions (Artists)","Artist",""
"Migue Baena IA","","","My Subscriptions (Artists)","Artist",""
"VICE","","","My Subscriptions (Artists)","Artist",""
"Parker Prompts","","","My Subscriptions (Artists)","Artist",""
"AI News","","","My Subscriptions (Artists)","Artist",""
"Optimistic Traveler","","","My Subscriptions (Artists)","Artist",""
"Insider Tech","","","My Subscriptions (Artists)","Artist",""
"Stanford Online","","","My Subscriptions (Artists)","Artist",""
"Andrej Karpathy","","","My Subscriptions (Artists)","Artist",""
"Peter Yang","","","My Subscriptions (Artists)","Artist",""
"Instituto de la Anatomía Humana","","","My Subscriptions (Artists)","Artist",""
"Veritasium en español","","","My Subscriptions (Artists)","Artist",""
"alanxelmundo","","","My Subscriptions (Artists)","Artist",""
"Luisito Comunica","","","My Subscriptions (Artists)","Artist",""
"Linguriosa","","","My Subscriptions (Artists)","Artist",""
"Butterfly Spanish","","","My Subscriptions (Artists)","Artist",""
"Artem Kirsanov","","","My Subscriptions (Artists)","Artist",""
"Göran Winblad","","","My Subscriptions (Artists)","Artist",""
"bob hund","","","My Subscriptions (Artists)","Artist",""
"Khan Academy","","","My Subscriptions (Artists)","Artist",""
"Way of the Ray Bender","","","My Subscriptions (Artists)","Artist",""
"Developers Digest","","","My Subscriptions (Artists)","Artist",""
"SailingYachtAlly","","","My Subscriptions (Artists)","Artist",""
"IA Paso a Paso","","","My Subscriptions (Artists)","Artist",""
"XPlaneOfficial","","","My Subscriptions (Artists)","Artist",""
"Practical Engineering","","","My Subscriptions (Artists)","Artist",""
"Grace Mandarin Chinese","","","My Subscriptions (Artists)","Artist",""
"Jordan Edmunds Chetty","","","My Subscriptions (Artists)","Artist",""
"Yachting Monthly","","","My Subscriptions (Artists)","Artist",""
"Numberphile","","","My Subscriptions (Artists)","Artist",""
"Sam Meech-Ward","","","My Subscriptions (Artists)","Artist",""
"Python Simplified","","","My Subscriptions (Artists)","Artist",""
"SPOREDO – Segeltraining & Skippertraining","","","My Subscriptions (Artists)","Artist",""
"engineerguy","","","My Subscriptions (Artists)","Artist",""
"ExplainingComputers","","","My Subscriptions (Artists)","Artist",""
"Air Crash Investigation","","","My Subscriptions (Artists)","Artist",""
"Quadoa - Optical Design Software","","","My Subscriptions (Artists)","Artist",""
"Nourished by Science","","","My Subscriptions (Artists)","Artist",""
"Fermilab","","","My Subscriptions (Artists)","Artist",""
"Algorithmic Simplicity","","","My Subscriptions (Artists)","Artist",""
"Primer","","","My Subscriptions (Artists)","Artist",""
"Hydraulic Press Channel","","","My Subscriptions (Artists)","Artist",""
"PowerCert Animated Videos","","","My Subscriptions (Artists)","Artist",""
"Spark Mind","","","My Subscriptions (Artists)","Artist",""
"GetWindsurfing windsurfing coaching","","","My Subscriptions (Artists)","Artist",""
"Sam Ross","","","My Subscriptions (Artists)","Artist",""
"GD&T Basics - Engineer Essentials","","","My Subscriptions (Artists)","Artist",""
"Yannic Kilcher","","","My Subscriptions (Artists)","Artist",""
"Huygens Optics","","","My Subscriptions (Artists)","Artist",""
"Branch Education","","","My Subscriptions (Artists)","Artist",""
"Anastasi In Tech","","","My Subscriptions (Artists)","Artist",""
"Ladytron","","","My Subscriptions (Artists)","Artist",""
"3Blue1Brown","","","My Subscriptions (Artists)","Artist",""
"Zach Star","","","My Subscriptions (Artists)","Artist",""
"Google DeepMind","","","My Subscriptions (Artists)","Artist",""
"Optical Designer (CarlosLee)","","","My Subscriptions (Artists)","Artist",""
"Henrik Friman","","","My Subscriptions (Artists)","Artist",""
"CYCLINGABOUT","","","My Subscriptions (Artists)","Artist",""
"Lebanon Hanover","","","My Subscriptions (Artists)","Artist",""
"Mattias Axelsson","","","My Subscriptions (Artists)","Artist",""
"74 Gear","","","My Subscriptions (Artists)","Artist",""
"Practical Navigator","","","My Subscriptions (Artists)","Artist",""
"Nordic Wildwood","","","My Subscriptions (Artists)","Artist",""
"Var Redo","","","My Subscriptions (Artists)","Artist",""
"EPIC Photonics","","","My Subscriptions (Artists)","Artist",""
"Depeche Mode","","","My Subscriptions (Artists)","Artist",""
"PixiesOfficial","","","My Subscriptions (Artists)","Artist",""
"Atom","","","My Subscriptions (Artists)","Artist",""
"Design Optics Fast","","","My Subscriptions (Artists)","Artist",""
"sentdex","","","My Subscriptions (Artists)","Artist",""
"SmarterEveryDay","","","My Subscriptions (Artists)","Artist",""
"Tom Scott","","","My Subscriptions (Artists)","Artist",""
"MedCram - Medical Lectures Explained CLEARLY","","","My Subscriptions (Artists)","Artist",""
"Johan von Matern","","","My Subscriptions (Artists)","Artist",""
"Carv - Digital Ski Coach","","","My Subscriptions (Artists)","Artist",""
"Wait But Why","","","My Subscriptions (Artists)","Artist",""
"Ber","","","My Subscriptions (Artists)","Artist",""
"Dave Taddeo","","","My Subscriptions (Artists)","Artist",""
"Wireless Philosophy","","","My Subscriptions (Artists)","Artist",""
"opticsrealm","","","My Subscriptions (Artists)","Artist",""
"Alltracks Academy","","","My Subscriptions (Artists)","Artist",""
"Zemax LLC","","","My Subscriptions (Artists)","Artist",""
"Derek Banas","","","My Subscriptions (Artists)","Artist",""
"LightTrans International - Optical Design Software","","","My Subscriptions (Artists)","Artist",""
"minutephysics","","","My Subscriptions (Artists)","Artist",""
"Nordnet Sverige","","","My Subscriptions (Artists)","Artist",""
"Kathy's Song (Come Lie Next To Me)","Apoptygma Berzerk","Welcome To Earth - Deluxe Bonus Track Edition","JCSynth01","Playlist","DEDS30700005"
"Behind the Wheel","Depeche Mode","Music for the Masses","JCok","Playlist","GBAJH0600233"
"Galère","21 Juin Le Duo","En thérapie","JCFrancais","Playlist","FR9W12334147"
"Standing","VNV Nation","Standing / Burning Empires","Min skräddarsydda spellista","Playlist","DEBL60619185"
"The Great Divide","VNV Nation","Of Faith, Power and Glory","Min skräddarsydda spellista","Playlist","DEBL60821038"
"About Today","The National","Cherry Tree","Min skräddarsydda spellista","Playlist","USI4R0508291"
"I Should Live in Salt","The National","Trouble Will Find Me","Min skräddarsydda spellista","Playlist","GBAFL1300055"
"Legion","VNV Nation","Empires","Min skräddarsydda spellista","Playlist","DEBL61500358"
"I Need My Girl","The National","Trouble Will Find Me","Min skräddarsydda spellista","Playlist","GBAFL1300064"
"Förlåtelsen","Kent","Då Som Nu För Alltid","Favorite Tracks","Playlist","SEBMC1600007"
"Comptine d'un autre été, l'après-midi","Yann Tiersen","Le Fabuleux destin d'Amélie Poulain (Bande originale du film)","Favorite Tracks","Playlist","FR91U0100002"
"Come Undone","Duran Duran","Duran Duran","Favorite Tracks","Playlist","GBAYE9300072"
"Right Where It Belongs","Nine Inch Nails","With Teeth (Bonus Tracks)","Favorite Tracks","Playlist","USIR10500489"
"These Things","She Wants Revenge","She Wants Revenge","Favorite Tracks","Playlist","USUM70503873"
"Forever Young","UNDRESSD","Forever Young","Favorite Tracks","Playlist","SE47Z1900401"
"Atmosphere","Joy Division","Stranger Things (Soundtrack from the Netflix Original Series)","Favorite Tracks","Playlist","GBAAP9700187"
"İzole","She Past Away","Disko Anksiyete","Favorite Tracks","Playlist","US57M1919504"
"Strange Weather","Anna Calvi","Strange Weather","Favorite Tracks","Playlist","GBCEL1400228"
"What He Wrote","Laura Marling","I Speak Because I Can","Favorite Tracks","Playlist","GBAAA1000014"
"The Last Thing","Lebanon Hanover","The Last Thing","Favorite Tracks","Playlist","TCAES2042593"
"Mit Dir (Extended)","Robert Gorl","Night Full of Tension","Favorite Tracks","Playlist","GBAJH0700089"
"Mit Dir (Extended)","Robert Gorl","Night Full of Tension","Favorite Tracks","Playlist","GBAJH0700089"
"Nåt i vattnet","Hov1","Nåt i vattnet","Favorite Tracks","Playlist","SEUM72201376"
"Hälsa Gud","Miss Li","Hälsa Gud","Favorite Tracks","Playlist","SE5HK2022172"
"Some Kind of Stranger","The Sisters Of Mercy","First and Last and Always Collection (Digital Edition)","Favorite Tracks","Playlist","GBAHS0104744"
"Wait (Extended Mix)","VNV Nation","Wait","Favorite Tracks","Playlist","DEPI82302422"
"Kathy's Song (Come Lie Next To Me)","Apoptygma Berzerk","Welcome To Earth - Deluxe Bonus Track Edition","Favorite Tracks","Playlist","DEDS30700005"
"Spiders","Ashbury Heights","Morningstar in a Black Car","Favorite Tracks","Playlist","DEBZ70800153"
"Wait","VNV Nation","Electric Sun","Favorite Tracks","Playlist","DEPI82301373"
"Eclipse / Blue feat. Kazu Makino","Nosaj Thing","Eclettica by Glass Coffee","Favorite Tracks","Playlist","USD8D2010002"
"A Letter To Elise (Remastered 2022)","The Cure","Wish (30th Anniversary Edition / Remastered 2022)","Favorite Tracks","Playlist","GBUM72201209"
"Joey","Concrete Blonde","Bloodletting - 20th Anniversary Edition","Favorite Tracks","Playlist","USCA21001221"
"Tomorrow, Wendy (2010 Digital Remaster/5:05)","Concrete Blonde","Bloodletting - 20th Anniversary Edition","Favorite Tracks","Playlist","USCA21001222"
"Rylan","The National","I Am Easy to Find","Favorite Tracks","Playlist","GBAFL1900127"
"Light Years","The National","I Am Easy to Find","Favorite Tracks","Playlist","GBAFL1900129"
"Revoir","Pupkulies & Rebecca","Looking for the Sea","Favorite Tracks","Playlist","DEZ651200239"
"You and Me","Pupkulies & Rebecca","Looking for the Sea","Favorite Tracks","Playlist","DEZ651200243"
"It's So Good","Jamie xx","It's So Good","Favorite Tracks","Playlist","UK7MC2300160"
"In Mindibu","Stavroz","Mindibu","Stavroz","Playlist","BE6IP2000057"
"The Ginning","Stavroz","The Ginning","Stavroz","Playlist","QMSNZ1307755"
"When The Birds Go In The Wrong Way","Worakls","When The Birds Go In The Wrong Way","Tech-No","Playlist","SEWKJ1100701"
"Battery Park","Paul Kalkbrenner","7","Paul Kalkbrenner","Playlist","GBARL1500391"
"Battery Park","Paul Kalkbrenner","7","Paul Kalkbrenner","Playlist","GBARL1500391"
"L-ON-D-ON","Bassvictim","Basspunk","Bassvictim","Playlist","QZK6M2453421"
"27a Pitfield St","Bassvictim","Forever","Bassvictim","Playlist","QT3FA2592475"
"Forever salty","Bassvictim","Basspunk 2","Bassvictim","Playlist","USZ4V2500035"
"Imagining My Man","Aldous Harding","Party","Aldous Harding","Playlist","GBAFL1700057"
"The Barrel","Aldous Harding","Designer","Aldous Harding","Playlist","GBAFL1800151"
"Mono Arch","Scratch Massive","Garden of Love","Scratch Massive mm","Playlist","QZ4K31600129"
"Another Day","Scratch Massive","Garden of Love","Scratch Massive mm","Playlist","QZ4K31600131"
"Last Dance","Scratch Massive","Garden of Love","Scratch Massive mm","Playlist","QZ4K31600120"
"Closer [Doeld Remix]","Scratch Massive","Closer","Scratch Massive mm","Playlist","QZ4K31600238"
"Extranjero","Iseo & Dodosound","Extranjero","Español","Playlist","BK4DA2561007"
"QUE CE SOIT CLAIR","Paul Kalkbrenner","QUE CE SOIT CLAIR","Francais","Playlist","DEE862501171"
"QUE CE SOIT CLAIR","Paul Kalkbrenner","QUE CE SOIT CLAIR","Francais","Playlist","DEE862501171"
"You Always Say","French 79","TEENAGERS","fav01","Playlist","FRR642201734"
"i like the way you kiss me","Artemas","i like the way you kiss me","fav01","Playlist","QZJ842400387"
"Mala Vida","Mano Negra","Patchanka","fav01","Playlist","FRZ189800138"
"A Letter to Elise","The Cure","Wish","fav01","Playlist","USEE19200009"
"Nous","Annael","Nous","fav01","Playlist","FR9Z12100315"
"The Beginning","Pupkulies & Rebecca","Bente","fav01","Playlist","QM4TX2026727"
"The Beginning (Acid Pauli Remix)","Pupkulies & Rebecca","The Beginning (Acid Pauli Remix)","fav01","Playlist","QM6P42050751"
"All I Need","Radiohead","In Rainbows","RZ tips","Playlist","GBSTK0700005"
"White Chalk","PJ Harvey","White Chalk","RZ tips","Playlist","GBUM70704886"
"100","Dean Blunt","BLACK METAL","RZ tips","Playlist","GBCVZ1403577"
"I Love You","Fontaines D.C.","Skinty Fia","RZ tips","Playlist","USBQU2100093"
"Disparate Youth","Santigold","Master of My Make-Believe","RZ tips","Playlist","GBAHS1100389"
"Silver Snail","Pixies","Indie Cindy","Pixies","Playlist","UK3SA1300015"
"Heart Attack","Fevr","Heart Attack","Fevr","Playlist","QZK6L2238947"
"Ghost","Fevr","Ghost","Fevr","Playlist","QZNWV2235091"
"Glow","Bleib Modern","Afraid to Leave","Dunkelt","Playlist","USCGJ2131467"
"Bitter Smile","Bleib Modern","Afraid to Leave","Dunkelt","Playlist","USCGJ2131469"
"747","Kent","Best Of","Kent","Playlist","SEBMC9781110"
"Ingenting","Kent","Tillbaka Till Samtiden","Kent","Playlist","SEBMC0700075"
"Kräm (så nära får ingen gå)","Kent","Verkligen","Kent","Playlist","SEBMR9672010"
"Var är vi nu?","Kent","Tigerdrottningen","Kent","Playlist","SEUM71400707"
"Sundance Kid","Kent","Vapen & ammunition","Kent","Playlist","SEBMC0219010"
"Vi är inte längre där","Kent","Då Som Nu För Alltid","Kent","Playlist","SEBMC1600006"
"Förlåtelsen","Kent","Då Som Nu För Alltid","Kent","Playlist","SEBMC1600007"
"A Forest","Nouvelle Vague","Nouvelle vague","Nouvelle vague","Playlist","GBEWK0400027"
"Mala Vida","Nouvelle Vague","Version Française","Nouvelle vague","Playlist","FR13Z1000048"
"Marian","Nouvelle Vague","Nouvelle vague","Nouvelle vague","Playlist","GBEWK0400025"
"Teenage Kicks","Nouvelle Vague","Nouvelle vague","Nouvelle vague","Playlist","GBEWK0400029"
"Friday Night Saturday Morning","Nouvelle Vague","Nouvelle vague","Nouvelle vague","Playlist","GBEWK0400031"
"Making Plans for Nigel","Nouvelle Vague","Nouvelle vague","Nouvelle vague","Playlist","GBEWK0400026"
"Deep & Dark (Seamless)","Mentatranque","White Dreams","Brown noise etc","Playlist","SEXGF2200723"
"No Title (Molly) [2008]","John Maus","A Collection of Rarities and Previously Unreleased Material","DARK01","Playlist","GBCEL1200176"
"Trust","The Cure","Wish","DARK01","Playlist","GBF069290008"
"Seasons","NTO","Seasons (Remix)","French79","Playlist","FR9W12123101"
"Numb","Elderbrook","Why Do We Shake In The Cold?","SOFT01","Playlist","GBAYE2000105"
"Between the Buttons","French 79","Angel","SOFT01","Playlist","FR26V1411503"
"Weiß","Christian Löffler","Lys","SOFT01","Playlist","QMFME1924113"
"Rise","Lynnic","Rise","SOFT01","Playlist","DEVE12100067"
"Invisible [Piano Version]","NTO","Invisible","SOFT01","Playlist","FR9W12104640"
"Weightless (jamesjamesjames Remix)","Ben Böhmer","Weightless (jamesjamesjames Remix)","SOFT01","Playlist","AUFF02100039"
"Back Together","Massane","By The River","SOFT01","Playlist","GBEWA2303404"
"Breathe (Kid Francescoli Remix)","Télépopmusik","Breathe (EP 20th Anniversary)","SOFT01","Playlist","FR99U2100004"
"Festen Är Över","bob hund","Stumfilm","Bob Hund","Playlist","SEWUJ1000102"
"Det överexponerade gömstället","bob hund","Det Överexponerade Gömstället","Bob Hund","Playlist","SEWUJ1100105"
"Hjärtskärande rätt","bob hund","Dödliga klassiker","Bob Hund","Playlist","SEYFX1509701"
"Jag rear ut min själ","bob hund","Jag rear ut min själ","Bob Hund","Playlist","SELFA9807100"
"Mer än så kan ingen bli (Vinylljud 2019)","bob hund","bob hund (Vinylljud 2019)","Bob Hund","Playlist","SELFA2000502"
"Den lilla planeten","bob hund","10 år bakåt och 100 år framåt","Bob Hund","Playlist","SELFA0200308"
"Kom i min famn","bob hund","Kom i min famn","Bob Hund","Playlist","SEVUE2500401"
"Det överexponerade gömstället","bob hund","Det Överexponerade Gömstället","Bob Hund","Playlist","SEWUJ1100105"
"Jonnie?","bob hund","Jonnie?","Bob Hund","Playlist","SEVUE2500102"
"Upp, upp, upp, ner","bob hund","Omslag: Martin Kann","Bob Hund","Playlist","SELFA9608030"
"Hjärtskärande rätt","bob hund","Hjerteskjærende rett","Bob Hund","Playlist","SENAA1701401"
"Stark som en hare","bob hund","DRÖMMEN ÄR EN RÅVARA","Bob Hund","Playlist","SEVUE2300504"
"Det skulle vara lätt för mig att säga att jag inte… (Vinylljud 2019)","bob hund","bob hund (Vinylljud 2019)","Bob Hund","Playlist","SELFA2000509"
"15 år bakåt och 15 år framåt","bob hund","bob hund","Bob Hund","Playlist","SELFA9403040"
"Världens bästa dåliga låt","bob hund","Folkmusik för folk som inte kan bete sig som folk","Bob Hund","Playlist","SEWUJ0900203"
"Blommor på brinnande fartyg","bob hund","Folkmusik för folk som inte kan bete sig som folk","Bob Hund","Playlist","SEWUJ0900204"
"Min trampolin","bob hund","Istället för musik: Förvirring","Bob Hund","Playlist","SELFA9607040"
"Vi är såå lyckliga som bara olyckliga människor kan bli","bob hund","Vi är såå lyckliga som bara olyckliga människor kan bli","Bob Hund","Playlist","SEVUE1900401"
"En rikedom av sandkorn","bob hund","bob hund","Bob Hund","Playlist","SELFA9403050"
"bob hund 2020","bob hund","Det Överexponerade Gömstället","Bob Hund","Playlist","SEWUJ1100101"
"Det skulle vara lätt för mig att säga att jag inte…","bob hund","10 år bakåt och 100 år framåt","Bob Hund","Playlist","SELFA0200311"
"Allt på ett kort (Vinylljud 2019)","bob hund","bob hund 1993 (Vinylljud 2019)","Bob Hund","Playlist","SELFA2000301"
"White Sands","Still Corners","White Sands","Still Corners","Playlist","QZCWY2000003"
"Sémaphore","Requin Chagrin","Sémaphore","Requin Chagrin","Playlist","FRZ051800654"
"Filme moi","Alice et Moi","Filme moi","kolla på01","Playlist","FR9W11716791"
"Far Behind","Nils Hoffmann","Far Behind","kolla på01","Playlist","GBEWA2204172"
"Alabama","Adèle Castillon","Alabama","kolla på01","Playlist","FRDWM2200440"
"The Next Day (Mind Against Remix)","Röyksopp","The Next Day (Mind Against Remix)","kolla på01","Playlist","GBW232100546"
"Nous","Annael","Nous","kolla på01","Playlist","FR9Z12100315"
"Kleenex","Johnny Jane","JTM","kolla på01","Playlist","FRZ052200199"
"Between the Buttons","French 79","Angel","kolla på01","Playlist","FR26V1411503"
"Numb (Chill Mix)","Elderbrook","Numb","kolla på01","Playlist","GBAYE2000301"
"Ett andetag i taget","Renaida","Ett andetag i taget","kolla på01","Playlist","SEXPJ1903301"
"QUE CE SOIT CLAIR","Paul Kalkbrenner","QUE CE SOIT CLAIR","kolla på01","Playlist","DEE862501171"
"Stay Awhile","Röyksopp","Profound Mysteries III","kolla på01","Playlist","GBW232100122"
"Elle ne t'aime pas","La Femme","Mystère","La Femme","Playlist","FR9W11610758"
"Y tu te vas","La Femme","Teatro Lúcido","La Femme","Playlist","FR9W12212231"
"Sacatela","La Femme","Sacatela","La Femme","Playlist","FR9W12212230"
"Contaminado","La Femme","Teatro Lúcido","La Femme","Playlist","FR9W12215128"
"Où va le monde","La Femme","Mystère","La Femme","Playlist","FR9W11609147"
"Nous étions deux","La Femme","Psycho Tropical Berlin","La Femme","Playlist","FR9W11302355"
"Tueur de fleurs","La Femme","Mystère","La Femme","Playlist","FR9W11610761"
"Y tu te vas","La Femme","Teatro Lúcido","BRA","Playlist","FR9W12212231"
"Où va le monde","La Femme","Mystère","BRA","Playlist","FR9W11609147"
"Contaminado","La Femme","Teatro Lúcido","BRA","Playlist","FR9W12215128"
"Mala Vida","Mano Negra","Patchanka","BRA","Playlist","FRZ189800138"
"I can't do it no more","Fevr","Hidden Meadows","BRA","Playlist","QZTAZ2216232"
"It's In My Head","Provoker","It's In My Head","BRA","Playlist","SE5AJ2202057"
"Alps","Motorama","Alps","BRA","Playlist","FR59Y1300026"
"Hometown","French 79","Hometown","BRA","Playlist","FRU451700170"
"Nantes","Beirut","The Flying Club Cup","BRA","Playlist","USCPT0700043"
"i like the way you kiss me","Artemas","i like the way you kiss me","BRA","Playlist","QZJ842400387"
"You Always Say","French 79","TEENAGERS","BRA","Playlist","FRR642201734"
"You Always Say","French 79","TEENAGERS","BRA","Playlist","FRR642201734"
"Sabali","Amadou & Mariam ","Welcome to Mali","BRA","Playlist","FR6P10800850"
"Filme moi","Alice et Moi","Filme moi","BRA","Playlist","FR9W11716791"
"Nous","Annael","Nous","BRA","Playlist","FR9Z12100315"
"The Next Day (Mind Against Remix)","Röyksopp","The Next Day (Mind Against Remix)","BRA","Playlist","GBW232100546"
"Feed Your Head","Paul Kalkbrenner","7","BRA","Playlist","GBARL1500397"
"Things I Don't Need","Human Tetris","Things I Don't Need","cool - kolla mer","Playlist","TCACU1662891"
"Heavy Wave","Motorama","Poverty","cool - kolla mer","Playlist","USCGH2060320"
"Not The Man","The Growlers","Chinese Fountain","cool - kolla mer","Playlist","USER81404409"
"I SEE YOU IN EVERYTHING","DustBowlChampion","CARDINAL SIN","cool - kolla mer","Playlist","QZTBA2340293"
"Rose In A Glass","Provoker","Rose In A Glass","cool - kolla mer","Playlist","SE5AJ2101463"
"Anvil","Lorn","VESSEL","cool - kolla mer","Playlist","TCACM1654005"
"Bennington (2007)","John Maus","A Collection of Rarities and Previously Unreleased Material","cool - kolla mer","Playlist","GBCEL1200174"
"I can't do it no more","Fevr","Hidden Meadows","cool - kolla mer","Playlist","QZTAZ2216232"
"It's In My Head","Provoker","It's In My Head","cool - kolla mer","Playlist","SE5AJ2202057"
"The Chase","Emmit Fenn","The Chase","cool - kolla mer","Playlist","GBKPL2281437"
"Alps","Motorama","Alps","cool - kolla mer","Playlist","FR59Y1300026"
"Castle In The Snow","The Avener","The Wanderings Of The Avener","cool - kolla mer","Playlist","FRV601400155"
"Space Song","Beach House","Depression Cherry","cool - kolla mer","Playlist","USSUB1512203"
"Hometown","French 79","Hometown","cool - kolla mer","Playlist","FRU451700170"
"Sabali","Amadou & Mariam ","Welcome to Mali","cool - kolla mer","Playlist","FR6P10800850"
"Nantes","Beirut","The Flying Club Cup","cool - kolla mer","Playlist","USCPT0700043"
"i like the way you kiss me","Artemas","i like the way you kiss me","cool - kolla mer","Playlist","QZJ842400387"
"Places","LEILA","Burnout","cool - kolla mer","Playlist","GBLAZ2301994"
"Found My Own Way","Fevr","Found My Own Way","cool - kolla mer","Playlist","QZZ7Q2462092"
"Stockholmsvy","Hannes","Stockholmsvy","cool - kolla mer","Playlist","QM4TX2262263"
"Seasons","NTO","Seasons (Remix)","cool - kolla mer","Playlist","FR9W12123101"
"White Chalk","PJ Harvey","White Chalk","cool - kolla mer","Playlist","GBUM70704886"
"Rebel","FindMyName","Rebel","cool - kolla mer","Playlist","TCAHX2421775"
"Ani Kuni","Polo & Pan","Cyclorama","cool - kolla mer","Playlist","FRPDG2100170"
"Numero 6","Scratch Massive","Garden of Love","cool - kolla mer","Playlist","QZ4K31600124"
"Sunken","Scratch Massive","Garden of Love","cool - kolla mer","Playlist","QZ4K31600085"
"The Great Gig in the Sky","Pink Floyd","The Dark Side of the Moon","VISA RZ IZ","Playlist","GBN9Y1100080"
"Summer Wine","Nancy Sinatra","Start Walkin' 1965-1976","MIX","Playlist","USASE0510168"
"Paper Planes","M.I.A.","Kala","MIX","Playlist","GBBKS0700215"
"Her Life","Two Feet","First Steps","HOB - Drönare","Playlist","DEVF11600017"